{
    "host": "http://localhost:3000",
    "dbURI" : "mongodb://chatcatuser:test@ds059516.mlab.com:59516/nerdlevels",
    "sessionSecret" : "53c40026268c9c108d55b84250aae6ffd8dc3ea3a0ec",
    "fb": {
        "clientID": "1864875927078196",
        "clientSecret": "4330e7c1adfa639b4445f6131b6a7a93",
        "callbackURL": "//localhost:3000/auth/facebook/callback",
        "profileFields": ["id", "displayName", "photos"]
    },
    "twitter": {
        "consumerKey": "Xi4YR5SywgFFrEXON8CwkBr83",
        "consumerSecret": "bLWEEJ8UDqMowDFTYEs2rniwgRBCupudjrdipVEbMpOE4DVQzG",
        "callbackURL": "//localhost:3000/auth/twitter/callback",
        "profileFields": ["id", "displayName", "photos"]
    },
    "redis": {
        "host" : "127.0.0.1",
        "port" : 6379,
        "password" : ""
    }
}